<Window xmlns="http://schemas.microsoft.com/winfx/2006/xaml/presentation"
        xmlns:x="http://schemas.microsoft.com/winfx/2006/xaml"
        Title="{Binding Score, StringFormat={}Snake - {0}}"
        SizeToContent="WidthAndHeight"
        ResizeMode="NoResize"
        Background="Blue"
>
    <Window.Resources>
        <BooleanToVisibilityConverter x:Key="VisibilityConverter" />
    </Window.Resources>
    <Grid Margin="5">
        <Grid.RowDefinitions>
            <RowDefinition Height="Auto" />
            <RowDefinition Height="*" />
        </Grid.RowDefinitions>
        <DockPanel Grid.Row="0" LastChildFill="True" Margin="0 0 0 5" Background="White">
            <TextBlock DockPanel.Dock="Left"
                        Text="{Binding Score, StringFormat={}Score: {0}}"
                        Margin="0 0 5 0"
                        Foreground="Gray"
            />
            <TextBlock DockPanel.Dock="Left"
                        Text="GAME OVER"
                        FontWeight="Bold"
                        Foreground="Red"
                        Visibility="{Binding GameOverVisible, Converter={StaticResource VisibilityConverter}}"
            />
            <TextBlock DockPanel.Dock="Left"
                        Text="YOU WON"
                        FontWeight="Bold"
                        Foreground="Green"
                        Visibility="{Binding WonVisible, Converter={StaticResource VisibilityConverter}}"
            />
            <TextBlock Text="Use arrow keys to move, Enter to reset." TextAlignment="Right" Foreground="White" />
        </DockPanel>
        <Border Grid.Row="1" BorderBrush="Gray" BorderThickness="1">
            <Canvas Width="{Binding BoardWidthPixels}" Height="{Binding BoardHeightPixels}">
                <Path Stroke="Gray"
                        StrokeThickness="{Binding FieldDisplaySizePixels}"
                        StrokeStartLineCap="Round"
                        StrokeEndLineCap="Round"
                        StrokeLineJoin="Round"
                        Data="{Binding SnakeGeometry}"
                />
                <Path Fill="Cyan">
                    <Path.Data>
                        <EllipseGeometry Center="{Binding FoodCenter}"
                                        RadiusX="{Binding HalfFieldDisplaySizePixels}"
                                        RadiusY="{Binding HalfFieldDisplaySizePixels}"
                        />
                    </Path.Data>
                </Path>
            </Canvas>
        </Border>
    </Grid>
</Window>