{
    "Name": "GamehubAPI 2.8 (ALPHA)",
    "Desc": "New gamehubAPI, looking for a better way to handle scoreboads aswell as allowing backwards compatability with older versions of the API",
    "Version": {
        "Major": "2",
        "Minor": "8",
        "Vid": "9",
        "ReleaseDate": "2023-08-30",
        "ChangelogNote": "Added sorting function and fixed missing user bug for creating new users."
    },
    "License": "https://raw.githubusercontent.com/sbamboo/Gamehub/main/API/v2/tos.txt",
    "Platform": "Crossplatform-PYTHON3"
}